{"cameraMode":{"drawMode":0,"name":"Shaded","section":"Shading Mode"},"sceneLighting":true,"audioPlay":false,"sceneViewState":{"showFog":true,"showMaterialUpdate":false,"showSkybox":true,"showFlares":true,"showImageEffects":true,"showParticleSystems":true},"in2DMode":false,"pivot":{"x":45.56381607055664,"y":43.12034225463867,"z":211.1542205810547},"rotation":{"x":0.18323561549186707,"y":-0.056241225451231,"z":0.010498680174350739,"w":0.9814028143882752},"size":133.0439453125,"orthographic":false}