{"cameraMode":{"drawMode":0,"name":"Shaded","section":"Shading Mode"},"sceneLighting":false,"audioPlay":false,"sceneViewState":{"showFog":true,"showMaterialUpdate":false,"showSkybox":true,"showFlares":true,"showImageEffects":true,"showParticleSystems":true},"in2DMode":false,"pivot":{"x":1.3249015808105469,"y":2.7330141067504885,"z":0.0},"rotation":{"x":0.028307272121310235,"y":0.3378140330314636,"z":-0.010167132131755352,"w":0.9407321810722351},"size":4.40651798248291,"orthographic":false}